القسم الرئيسي,القسم الفرعي,اسم الماركة,اسم المنتج بالعربي,اسم المنتج بالإنجليزي,وصف المنتج بالعربي,وصف المنتج بالإنجليزي,السعر,الكمية,الخيارات,رابط صورة المنتج
غذائيات,سمن وزيت,الريف,الريف زيت دوار الشمس حجم 1 لتر,"Al Reef Sunflower Oil,  Liter Size",الريف زيت دوار الشمس حجم 1 لتر,"Al Reef Sunflower Oil,  Liter Size",0,,,https://i.postimg.cc/xd967LNw/36-1.jpg
غذائيات,سمن وزيت,الريف,الريف زيت دوار الشمس حجم 4 لتر,"Al Reef Sunflower Oil, 4 Liter Size",الريف زيت دوار الشمس حجم 4 لتر,"Al Reef Sunflower Oil, 4 Liter Size",0,,,https://i.postimg.cc/hGK2wVQH/36-4.jpg
غذائيات,سمن وزيت,الريف,الريف زيت دوار الشمس حجم 8 كغ,"Al Reef Sunflower Oil, 8 Kg",الريف زيت دوار الشمس حجم 8 كغ,"Al Reef Sunflower Oil, 8 Kg",0,,,https://i.postimg.cc/YStdVQmc/datadata-(47).png
غذائيات,سمن وزيت,الريف,الريف زيت دوار الشمس حجم 16  كغ,"Al Reef Sunflower Oil, 16 Kg",الريف زيت دوار الشمس حجم 16  كغ,"Al Reef Sunflower Oil, 16 Kg",0,,,https://i.postimg.cc/GpbXNvsw/datadata-(48).png
غذائيات,سمن وزيت,الريف, الريف زيت زيتون حجم 500 مل,"Al Reef Olive Oil, 500ml", الريف زيت زيتون حجم 500 مل,"Al Reef Olive Oil, 500ml",0,,,https://i.postimg.cc/XJH7cy7d/nskht-mn-nskht-mn-dwn-ʿnwan-2026-08-11T183854-519.png
غذائيات,سمن وزيت,الريف, الريف زيت زيتون حجم 1 لتر,"Al Reef Olive Oil, 1 Liter", الريف زيت زيتون حجم 1 لتر,"Al Reef Olive Oil, 1 Liter",0,,,https://i.postimg.cc/VN4YmbtT/alryf-zyt-zytwn-1ltr.jpg
غذائيات,بقوليات,الريف,الريف ارز حبة قصيرة حجم 1 كيلو,"Al-Reef short grain rice, 1 kg",الريف ارز حبة قصيرة حجم 1 كيلو,"Al-Reef short grain rice, 1 kg",0,,,https://i.postimg.cc/W4pdGV6y/3216.webp
غذائيات,بقوليات,الريف,الريف ارز حبة طويلة حجم 1 كيلو,"Al-Reef long grain rice, 1 kg",الريف ارز حبة طويلة حجم 1 كيلو,"Al-Reef long grain rice, 1 kg",0,,,https://i.postimg.cc/8kbzgSYq/38-2.jpg
غذائيات,بقوليات,الريف,الريف ارز حبة متوسطة حجم 1 كيلو,"Al-Reef medium grain rice, 1 kg",الريف ارز حبة متوسطة حجم 1 كيلو,"Al-Reef medium grain rice, 1 kg",0,,,https://i.postimg.cc/K8Y0F9W1/Whats-App-Image-2025-02-27-at-1-45-04-AM.jpg
غذائيات,سمن وزيت,الريف,الريف سمنة نباتية نقية 1 كيلو,Al Reef Pure Vegetable Ghee 1 kg,الريف سمنة نباتية نقية 1 كيلو,Al Reef Pure Vegetable Ghee 1 kg,0,,,https://i.postimg.cc/W3C62Ztq/datadata-(45).png
غذائيات,سمن وزيت,الريف,الريف سمنة نباتية نقية 2 كيلو,Al Reef Pure Vegetable Ghee 2 kg,الريف سمنة نباتية نقية 2 كيلو,Al Reef Pure Vegetable Ghee 2 kg,0,,,https://i.postimg.cc/4dqbJcnh/datadata-(46).png
غذائيات,سمن وزيت,الريف,الريف سمنة نباتية نقية 16  كيلو,Al Reef Pure Vegetable Ghee 16 kg,الريف سمنة نباتية نقية 16  كيلو,Al Reef Pure Vegetable Ghee 16 kg,0,,,https://i.postimg.cc/5NK9ypcx/data-bodour-(47).png
,,,الريف زبدة نباتي 200 غرام,Al Reef Pure Vegetable Butter 200g,الريف زبدة نباتي 200 غرام,Al Reef Pure Vegetable Butter 200g,0,,,https://i.postimg.cc/G2VNZHCZ/Chat-GPT-Image-Sep-15-2026-04-56-49-PM.png
غذائيات,بقوليات,الريف,الريف ارز بسمتي سيلا حبة طويلة 5 كيلو,Al Reef Basmati Sella Long Grain Rice 5 kg,الريف ارز بسمتي سيلا حبة طويلة 5 كيلو,Al Reef Basmati Sella Long Grain Rice 5 kg,0,,,https://i.postimg.cc/CLXyWrFg/Chat-GPT-Image-Sep-15-2026-04-51-39-PM.png
غذائيات,سمن وزيت,الريف, الريف زيت زيتون بكر حجم 4 لتر,"Al Reef Olive Oil,4Liter", الريف زيت زيتون بكر حجم 4 لتر,"Al Reef Olive Oil,4Liter",0,,,https://i.postimg.cc/0QzFtGWf/data-bodour-(49).png
غذائيات,بقوليات,الريف,الريف عدس مجروش 1 كغ,Al-Reef crushed lentils 1 kg,الريف عدس مجروش 1 كغ,Al-Reef crushed lentils 1 kg,0,,,https://i.postimg.cc/qvJmD839/40-2.jpg
غذائيات,بقوليات,الريف,الريف عدس حب 1 كغ,Al-Reef lentils 1 kg,الريف عدس حب 1 كغ,Al-Reef lentils 1 kg,0,,,https://i.postimg.cc/jSx83z7m/40-4.jpg
غذائيات,بقوليات,الريف,الريف شرائح أناناس,Al-Reef pineapple slices,الريف شرائح أناناس,Al-Reef pineapple slices,0,,,
منظفات,محارم,بوفالو,بوفالو فيتول مناديل مبللة 90 منديل,Buffalo Vitol Wet Wipes 90 Wipes ,بوفالو فيتول مناديل مبللة 90 منديل,Buffalo Vitol Wet Wipes 90 Wipes ,0,,,https://i.postimg.cc/jjfZLs5Y/data-bodour-(58).png
منظفات,محارم,بوفالو,بوفالو بيبي مناديل مبللة 72  منديل,Buffalo Baby Wet Wipes 72 Wipes,بوفالو بيبي مناديل مبللة 72  منديل,Buffalo Baby Wet Wipes 72 Wipes,0,,,https://i.postimg.cc/nrrm9kkh/data-bodour-(60).png
منظفات,جلي,بوفالو,بوفالو سائل جلي برائحة النعناع بارد 800 مل,Buffalo Cool Mint Dishwashing Liquid 800ml,بوفالو سائل جلي برائحة النعناع بارد 800 مل,Buffalo Cool Mint Dishwashing Liquid 800ml,0,,,https://i.postimg.cc/j5pWCbDT/data-bodour-(61).png
منظفات,جلي,بوفالو,بوفالو سائل جلي برائحة اللافندر 1100 مل,Buffalo Lavender Scented Dishwashing Liquid 1100ml,بوفالو سائل جلي برائحة اللافندر 1100 مل,Buffalo Lavender Scented Dishwashing Liquid 1100ml,0,,,https://i.postimg.cc/x1Z99PkP/data-bodour-(62).png
منظفات,جلي,بوفالو,بوفالو سائل جلي برائحة تفاح 650مل,Buffalo Apple Scented Dishwashing Liquid 650ml,بوفالو سائل جلي برائحة تفاح 650مل,Buffalo Apple Scented Dishwashing Liquid 650ml,0,,,https://i.postimg.cc/mZ39xC16/data-bodour-(65).png
منظفات,جلي,بوفالو,بوفالو سائل جلي برائحة الليمون 650 مل,Buffalo Lemon Scented Dishwashing Liquid 650ml,بوفالو سائل جلي برائحة الليمون 650 مل,Buffalo Lemon Scented Dishwashing Liquid 650ml,0,,,https://i.postimg.cc/ZK7CZcbL/data-bodour-(64).png
منظفات,جلي,بوفالو,بوفالو سائل جلي برائحة الصنوبر 650 مل,Buffalo Pine Scented Dishwashing Liquid 650ml,بوفالو سائل جلي برائحة الصنوبر 650 مل,Buffalo Pine Scented Dishwashing Liquid 650ml,0,,,https://i.postimg.cc/8P0PxzwT/data-bodour-(63).png
منظفات,صابون,بوفالو,غسول اليدين الرغوي المطهر بوفالو فيتول ري إنرجايز الأزرق 400 مل,Bufalo Antiseptic Vitol Foam Hand Wash Re Energize Blue 400ml,"يتكون من صابون سائل مخفف معطر بالهواء لتكوين رغوة غنية.
 رغوة فعالة ضد الجراثيم ولطيفة على البشرة، تساعد في الحفاظ على نظافة وصحة يديك. متوفر بثلاث روائح مختلفة.","Consists of diluted form of air-infused liquid soap to produce a foamy lather.
 Foam that is tough on germs and soft on skin to help keep your hands clean and healthy. Comes in three different scents.",0,,,https://i.postimg.cc/Kz4MnN1g/7-1.jpg
منظفات,صابون,بوفالو,غسول اليدين الرغوي المطهر بوفالو فيتول ري إنرجايز البرتقالي 400 مل,Bufalo Antiseptic Vitol Foam Hand Wash Re Energize Orange 400ml,"يتكون من صابون سائل مخفف معطر بالهواء لتكوين رغوة غنية.
 رغوة فعالة ضد الجراثيم ولطيفة على البشرة، تساعد في الحفاظ على نظافة وصحة يديك. متوفر بثلاث روائح مختلفة.","Consists of diluted form of air-infused liquid soap to produce a foamy lather.
 Foam that is tough on germs and soft on skin to help keep your hands clean and healthy. Comes in three different scents.",0,,,https://i.postimg.cc/pTyFDZm5/7-2.jpg
منظفات,صابون,بوفالو,غسول اليدين الرغوي المطهر بوفالو فيتول ري إنرجايز الأخضر 400 مل,Bufalo Antiseptic Vitol Foam Hand Wash Re Energize Green 400ml,"يتكون من صابون سائل مخفف معطر بالهواء لتكوين رغوة غنية.
 رغوة فعالة ضد الجراثيم ولطيفة على البشرة، تساعد في الحفاظ على نظافة وصحة يديك. متوفر بثلاث روائح مختلفة.","Consists of diluted form of air-infused liquid soap to produce a foamy lather.
 Foam that is tough on germs and soft on skin to help keep your hands clean and healthy. Comes in three different scents.",0,,,https://i.postimg.cc/LXh1zTJY/7-3.jpg
منظفات,,بوفالو,بوفالو منظف غسيل سائل مصممة خصيصًا للملابس الملونة 3 لتر أخضر,Bufalo laundry detergent designed specifically for colored clothes. 3L Green,"تركيبة ألمانية من سائل غسيل الملابس مع إنزيمات فعّالة.
 سائل غسيل ملابس بتركيبة ألمانية متطورة تزيل أصعب البقع بسهولة وتضمن نظافة وانتعاشًا مثاليين. متوفر بثلاثة أنواع مختلفة للملابس الداكنة والملونة والبيضاء.","German formula of liquid laundry detergent with effective enzymes.
 Liquid Laundry Detergent with advanced German formula that removes the toughest stains easily and ensure perfect cleanliness and freshness. Comes in three different kinds for dark, colored and white clothes",0,,,https://i.postimg.cc/MKBJ1S2y/2-3.jpg
منظفات,,بوفالو,بوفالو منظف غسيل سائل مصممة خصيصًا للملابس الملونة أزرق 3 لتر,Bufalo laundry detergent designed specifically for colored clothes. Blue3L,"تركيبة ألمانية من سائل غسيل الملابس مع إنزيمات فعّالة.
 سائل غسيل ملابس بتركيبة ألمانية متطورة تزيل أصعب البقع بسهولة وتضمن نظافة وانتعاشًا مثاليين. متوفر بثلاثة أنواع مختلفة للملابس الداكنة والملونة والبيضاء.","German formula of liquid laundry detergent with effective enzymes.
 Liquid Laundry Detergent with advanced German formula that removes the toughest stains easily and ensure perfect cleanliness and freshness. Comes in three different kinds for dark, colored and white clothes",0,,,https://i.postimg.cc/cC4Pwj3p/2-(30).png
منظفات,,بوفالو,بوفالو منظف غسيل سائل مصممة خصيصًا للملابس البيضاء 3 لتر,Bufalo laundry detergent designed specifically for White clothes. 3L,"تركيبة ألمانية من سائل غسيل الملابس مع إنزيمات فعّالة.
 سائل غسيل ملابس بتركيبة ألمانية متطورة تزيل أصعب البقع بسهولة وتضمن نظافة وانتعاشًا مثاليين. متوفر بثلاثة أنواع مختلفة للملابس الداكنة والملونة والبيضاء.","German formula of liquid laundry detergent with effective enzymes.
 Liquid Laundry Detergent with advanced German formula that removes the toughest stains easily and ensure perfect cleanliness and freshness. Comes in three different kinds for dark, colored and white clothes",0,,,https://i.postimg.cc/nLCycbkW/2-4.jpg
منظفات,غسيل,بوفالو,بوفالو منظف غسيل سائل مصممة خصيصًا للملابس الملونة 3 لتر احمر,Bufalo laundry detergent designed specifically for colored clothes. 3L ,"تركيبة ألمانية من سائل غسيل الملابس مع إنزيمات فعّالة.
 سائل غسيل ملابس بتركيبة ألمانية متطورة تزيل أصعب البقع بسهولة وتضمن نظافة وانتعاشًا مثاليين. متوفر بثلاثة أنواع مختلفة للملابس الداكنة والملونة والبيضاء.","German formula of liquid laundry detergent with effective enzymes.
 Liquid Laundry Detergent with advanced German formula that removes the toughest stains easily and ensure perfect cleanliness and freshness. Comes in three different kinds for dark, colored and white clothes",0,,,https://i.postimg.cc/X7BHW240/data-bodour-(94).png
منظفات,غسيل,بوفالو,بوفالو منظف غسيل سائل مصممة خصيصًا للملابس السوداء 3 لتر ,Bufalo laundry detergent designed specifically for colored clothes. 3L ,"تركيبة ألمانية من سائل غسيل الملابس مع إنزيمات فعّالة.
 سائل غسيل ملابس بتركيبة ألمانية متطورة تزيل أصعب البقع بسهولة وتضمن نظافة وانتعاشًا مثاليين. متوفر أنواع مختلفة للملابس منها الداكنة","German formula of liquid laundry detergent with effective enzymes.
 Liquid Laundry Detergent with advanced German formula that removes the toughest stains easily and ensure perfect cleanliness and freshness. Comes in three different kinds for dark, colored and white clothes",0,,,https://i.postimg.cc/dVdx25x2/data-bodour-(93).png
منظفات,,بوفالو,بوفالو منظف غسيل سائل مصممة خصيصًا للملابس الملونة 1 لتر أخضر,Bufalo laundry detergent designed specifically for colored clothes. 1L Green,"تركيبة ألمانية من سائل غسيل الملابس مع إنزيمات فعّالة.
 سائل غسيل ملابس بتركيبة ألمانية متطورة تزيل أصعب البقع بسهولة وتضمن نظافة وانتعاشًا مثاليين. متوفر بثلاثة أنواع مختلفة للملابس الداكنة والملونة والبيضاء.","German formula of liquid laundry detergent with effective enzymes.
 Liquid Laundry Detergent with advanced German formula that removes the toughest stains easily and ensure perfect cleanliness and freshness. Comes in three different kinds for dark, colored and white clothes",0,,,https://i.postimg.cc/qqMWyYKS/2-(27).png
منظفات,,بوفالو,بوفالو منظف غسيل سائل مصممة خصيصًا للملابس الملونة أزرق 1 لتر,Bufalo laundry detergent designed specifically for colored clothes. Blue 1L,"تركيبة ألمانية من سائل غسيل الملابس مع إنزيمات فعّالة.
 سائل غسيل ملابس بتركيبة ألمانية متطورة تزيل أصعب البقع بسهولة وتضمن نظافة وانتعاشًا مثاليين. متوفر بثلاثة أنواع مختلفة للملابس الداكنة والملونة والبيضاء.","German formula of liquid laundry detergent with effective enzymes.
 Liquid Laundry Detergent with advanced German formula that removes the toughest stains easily and ensure perfect cleanliness and freshness. Comes in three different kinds for dark, colored and white clothes",0,,,https://i.postimg.cc/cC94N1rS/2026-08-03-6a7062d09c133.webp
منظفات,,بوفالو,بوفالو منظف غسيل سائل مصممة خصيصًا للملابس البيضاء 1 لتر,Bufalo laundry detergent designed specifically for White clothes. 1L,"تركيبة ألمانية من سائل غسيل الملابس مع إنزيمات فعّالة.
 سائل غسيل ملابس بتركيبة ألمانية متطورة تزيل أصعب البقع بسهولة وتضمن نظافة وانتعاشًا مثاليين. متوفر بثلاثة أنواع مختلفة للملابس الداكنة والملونة والبيضاء.","German formula of liquid laundry detergent with effective enzymes.
 Liquid Laundry Detergent with advanced German formula that removes the toughest stains easily and ensure perfect cleanliness and freshness. Comes in three different kinds for dark, colored and white clothes",0,,,https://i.postimg.cc/fy2ThWJD/datadata-(34).png
منظفات,غسيل,بوفالو,بوفالو منظف غسيل سائل مصممة خصيصًا للملابس الملونة 1 لتر احمر,Bufalo laundry detergent designed specifically for colored clothes. 1L ,"تركيبة ألمانية من سائل غسيل الملابس مع إنزيمات فعّالة.
 سائل غسيل ملابس بتركيبة ألمانية متطورة تزيل أصعب البقع بسهولة وتضمن نظافة وانتعاشًا مثاليين. متوفر بثلاثة أنواع مختلفة للملابس الداكنة والملونة والبيضاء.","German formula of liquid laundry detergent with effective enzymes.
 Liquid Laundry Detergent with advanced German formula that removes the toughest stains easily and ensure perfect cleanliness and freshness. Comes in three different kinds for dark, colored and white clothes",0,,,https://i.postimg.cc/CxDYcsHM/datadata-(36).png
منظفات,غسيل,بوفالو,بوفالو منظف غسيل سائل مصممة خصيصًا للملابس السوداء 1 لتر ,Bufalo laundry detergent designed specifically for colored clothes. 1L ,"تركيبة ألمانية من سائل غسيل الملابس مع إنزيمات فعّالة.
 سائل غسيل ملابس بتركيبة ألمانية متطورة تزيل أصعب البقع بسهولة وتضمن نظافة وانتعاشًا مثاليين. متوفر أنواع مختلفة للملابس منها الداكنة","German formula of liquid laundry detergent with effective enzymes.
 Liquid Laundry Detergent with advanced German formula that removes the toughest stains easily and ensure perfect cleanliness and freshness. Comes in three different kinds for dark, colored and white clothes",0,,,https://i.postimg.cc/4yLNT4mX/datadata-(35).png
منظفات,ملمعات,بوفالو,بوفالو بولي جلاس منظف زجاج 750 مل,Bufalo Poliglass Glass Cleaner 750ml,"تم تطويره بتركيبة جديدة لإزالة البقع دون ترك أي آثار، مع الحفاظ على شفافية الزجاج.
 منظف زجاج أصلي مثالي لتنظيف النوافذ والمرايا وأبواب الاستحمام وغيرها","Developed with a new formula to remove stains without streaks preserving the glass transparency.
 Original Glass Cleaner that is ideal for cleaning windows, mirrors, shower doors, and more",0,,,https://i.postimg.cc/s25p4g92/8-1.jpg
منظفات,ملمعات,بوفالو,بوفالو بولي جلاس منظف زجاج 500 مل + 500 مل,Bufalo Poliglass Glass Cleaner 500ml + 500ml,"تم تطويره بتركيبة جديدة لإزالة البقع دون ترك أي آثار، مع الحفاظ على شفافية الزجاج.
 منظف زجاج أصلي مثالي لتنظيف النوافذ والمرايا وأبواب الاستحمام وغيرها","Developed with a new formula to remove stains without streaks preserving the glass transparency.
 Original Glass Cleaner that is ideal for cleaning windows, mirrors, shower doors, and more",0,,,https://i.postimg.cc/GpQKR6JV/datadata-(33).png
منظفات,ملمعات,بوفالو,بوفالو لافيسيرا 750 مل,Bufalo Lavycera 750ml,"يتكون من شمع طبيعي مستحلب، سائل نقي، وعطر.
 يُستخدم للأرضيات الرخامية، والبلاط، والسيراميك، والخشب، والبلاستيك. يُعيد للبلاط بريقه ولمعانه.","Consists of emulsified natural wax, uncontaminated liquid and fragrance.
 Used for marble, tiles, ceramic, wood and plastic flooring. Restores the luster of the tiles.",0,,,https://i.postimg.cc/VN07Qwq7/16-1.jpg
منظفات,غسيل,بوفالو,بوفالو مسحوق منظف غسيل بودرة مصممة خصيصًا للملابس الملونة 3 كغ + 500 غ مجانًا بنفسجي,Bufalo laundry Powder Detergent designed specifically for colored clothes 3Kg + 500g Free ,"نقدم لكم مسحوق الغسيل الجديد من بافالو، الأقوى على الإطلاق، بملايين الجزيئات المُزيلة للبقع. تركيبته الألمانية المتطورة تُزيل أصعب البقع بسهولة، لتضمن نظافة مثالية وانتعاشًا يدوم طويلًا.
 إزالة استثنائية للأوساخ: يُزيل الأوساخ والشوائب بفعالية، ويُحارب البقع العنيدة.
 انتعاش يدوم طويلًا: يُضفي على الملابس رائحة منعشة تدوم طويلًا.
 مناسب للغسالات الأوتوماتيكية: مُصمم خصيصًا لأداء مثالي في الغسالات الأوتوماتيكية.
 تركيبة قوية لإزالة البقع: مزيج بافالو الفريد من المكونات يُزيل بفعالية مجموعة واسعة من البقع الصعبة.","Introducing Bufalo's new washing powder, the strongest ever, with millions of stain-removing molecules. Its advanced German formula tackles the toughest stains with ease, ensuring perfect cleanliness and long-lasting freshness.
 Exceptional Dirt Removal: Effectively removes dirt and grime while combating stubborn stains.
 Long-lasting Freshness: Infuses clothes with a refreshing fragrance that lasts.
 Suitable for Automatic Washing Machines: Specially designed for optimal performance in automatic washing machines.
 Powerful Stain Removal Formula: Bufalo's unique blend of ingredients effectively eliminates a wide range of tough stains.",0,,,https://i.postimg.cc/6QcqCTJD/data-data-(60).png
منظفات,غسيل,بوفالو,بوفالو مسحوق منظف غسيل بودرة مصممة خصيصًا للملابس الملونة 2 كغ بنفسجي,Bufalo laundry Powder Detergent designed specifically for colored clothes 2Kg,"نقدم لكم مسحوق الغسيل الجديد من بافالو، الأقوى على الإطلاق، بملايين الجزيئات المُزيلة للبقع. تركيبته الألمانية المتطورة تُزيل أصعب البقع بسهولة، لتضمن نظافة مثالية وانتعاشًا يدوم طويلًا.
 إزالة استثنائية للأوساخ: يُزيل الأوساخ والشوائب بفعالية، ويُحارب البقع العنيدة.
 انتعاش يدوم طويلًا: يُضفي على الملابس رائحة منعشة تدوم طويلًا.
 مناسب للغسالات الأوتوماتيكية: مُصمم خصيصًا لأداء مثالي في الغسالات الأوتوماتيكية.
 تركيبة قوية لإزالة البقع: مزيج بافالو الفريد من المكونات يُزيل بفعالية مجموعة واسعة من البقع الصعبة.","Introducing Bufalo's new washing powder, the strongest ever, with millions of stain-removing molecules. Its advanced German formula tackles the toughest stains with ease, ensuring perfect cleanliness and long-lasting freshness.
 Exceptional Dirt Removal: Effectively removes dirt and grime while combating stubborn stains.
 Long-lasting Freshness: Infuses clothes with a refreshing fragrance that lasts.
 Suitable for Automatic Washing Machines: Specially designed for optimal performance in automatic washing machines.
 Powerful Stain Removal Formula: Bufalo's unique blend of ingredients effectively eliminates a wide range of tough stains.",0,,,https://i.postimg.cc/13wP9krv/3-1.jpg
منظفات,غسيل,بوفالو,بوفالو مسحوق منظف غسيل بودرة مصممة خصيصًا للملابس الملونة 2 كغ,Bufalo laundry Powder Detergent designed specifically for colored clothes 2Kg,"نقدم لكم مسحوق الغسيل الجديد من بافالو، الأقوى على الإطلاق، بملايين الجزيئات المُزيلة للبقع. تركيبته الألمانية المتطورة تُزيل أصعب البقع بسهولة، لتضمن نظافة مثالية وانتعاشًا يدوم طويلًا.
 إزالة استثنائية للأوساخ: يُزيل الأوساخ والشوائب بفعالية، ويُحارب البقع العنيدة.
 انتعاش يدوم طويلًا: يُضفي على الملابس رائحة منعشة تدوم طويلًا.
 مناسب للغسالات الأوتوماتيكية: مُصمم خصيصًا لأداء مثالي في الغسالات الأوتوماتيكية.
 تركيبة قوية لإزالة البقع: مزيج بافالو الفريد من المكونات يُزيل بفعالية مجموعة واسعة من البقع الصعبة.","Introducing Bufalo's new washing powder, the strongest ever, with millions of stain-removing molecules. Its advanced German formula tackles the toughest stains with ease, ensuring perfect cleanliness and long-lasting freshness.
 Exceptional Dirt Removal: Effectively removes dirt and grime while combating stubborn stains.
 Long-lasting Freshness: Infuses clothes with a refreshing fragrance that lasts.
 Suitable for Automatic Washing Machines: Specially designed for optimal performance in automatic washing machines.
 Powerful Stain Removal Formula: Bufalo's unique blend of ingredients effectively eliminates a wide range of tough stains.",0,,,https://i.postimg.cc/RZXdnFdB/3-2.jpg
منظفات,غسيل,بوفالو,بوفالو مسحوق منظف غسيل بودرة مصممة خصيصًا للملابس الملونة 3 كغ + 500 غ مجانًا أزرق,Bufalo laundry Powder Detergent designed specifically for colored clothes 3Kg + 500g Free Blue,"نقدم لكم مسحوق الغسيل الجديد من بافالو، الأقوى على الإطلاق، بملايين الجزيئات المُزيلة للبقع. تركيبته الألمانية المتطورة تُزيل أصعب البقع بسهولة، لتضمن نظافة مثالية وانتعاشًا يدوم طويلًا.
 إزالة استثنائية للأوساخ: يُزيل الأوساخ والشوائب بفعالية، ويُحارب البقع العنيدة.
 انتعاش يدوم طويلًا: يُضفي على الملابس رائحة منعشة تدوم طويلًا.
 مناسب للغسالات الأوتوماتيكية: مُصمم خصيصًا لأداء مثالي في الغسالات الأوتوماتيكية.
 تركيبة قوية لإزالة البقع: مزيج بافالو الفريد من المكونات يُزيل بفعالية مجموعة واسعة من البقع الصعبة.","Introducing Bufalo's new washing powder, the strongest ever, with millions of stain-removing molecules. Its advanced German formula tackles the toughest stains with ease, ensuring perfect cleanliness and long-lasting freshness.
 Exceptional Dirt Removal: Effectively removes dirt and grime while combating stubborn stains.
 Long-lasting Freshness: Infuses clothes with a refreshing fragrance that lasts.
 Suitable for Automatic Washing Machines: Specially designed for optimal performance in automatic washing machines.
 Powerful Stain Removal Formula: Bufalo's unique blend of ingredients effectively eliminates a wide range of tough stains.",0,,,https://i.postimg.cc/Kcq4nN6D/nskht-mn-datadata.png
منظفات,غسيل,بوفالو,بوفالو مسحوق منظف غسيل بودرة مصممة خصيصًا للملابس الملونة 3 كغ + 500 غ مجانًا ,Bufalo laundry Powder Detergent designed specifically for colored clothes  3Kg + 500g Free ,"نقدم لكم مسحوق الغسيل الجديد من بافالو، الأقوى على الإطلاق، بملايين الجزيئات المُزيلة للبقع. تركيبته الألمانية المتطورة تُزيل أصعب البقع بسهولة، لتضمن نظافة مثالية وانتعاشًا يدوم طويلًا.
 إزالة استثنائية للأوساخ: يُزيل الأوساخ والشوائب بفعالية، ويُحارب البقع العنيدة.
 انتعاش يدوم طويلًا: يُضفي على الملابس رائحة منعشة تدوم طويلًا.
 مناسب للغسالات الأوتوماتيكية: مُصمم خصيصًا لأداء مثالي في الغسالات الأوتوماتيكية.
 تركيبة قوية لإزالة البقع: مزيج بافالو الفريد من المكونات يُزيل بفعالية مجموعة واسعة من البقع الصعبة.","Introducing Bufalo's new washing powder, the strongest ever, with millions of stain-removing molecules. Its advanced German formula tackles the toughest stains with ease, ensuring perfect cleanliness and long-lasting freshness.
 Exceptional Dirt Removal: Effectively removes dirt and grime while combating stubborn stains.
 Long-lasting Freshness: Infuses clothes with a refreshing fragrance that lasts.
 Suitable for Automatic Washing Machines: Specially designed for optimal performance in automatic washing machines.
 Powerful Stain Removal Formula: Bufalo's unique blend of ingredients effectively eliminates a wide range of tough stains.",0,,,https://i.postimg.cc/bJ6Y9yBy/nskht-mn-datadata-(1).png
منظفات,,بوفالو,بوفالو منظف متعدد الاستعمالات برائحة الاوركيد 1500 مل ,Buffalo Multi-Purpose Cleaner Orchid Scent 1500ml ,"منتج متعدد الاستخدامات حل عملي ومثالي للاستخدامات اليومية، صُمم ليمنحك سهولة ومرونة في إنجاز العديد من المهام بكفاءة. يتميز بتصميم عملي وسهولة في الاستخدام، مما يجعله مناسبًا للمنزل والعمل والاستخدامات المختلفة حسب الحاجة.
المميزات:متعدد الاستخدامات وعملي في الحياة اليومية.
سهل الاستخدام والتطبيق.تصميم مناسب ومريح. يوفر الوقت والجهد.مناسب للاستخدام في العديد من المهام والمواقف.","A versatile product, this practical and ideal solution for everyday use is designed to give you ease and flexibility in accomplishing many tasks efficiently. Its practical design and ease of use make it suitable for home, work, and various other uses as needed.

Features: Versatile and practical for everyday life.

Easy to use and apply. Convenient and comfortable design. Saves time and effort. Suitable for use in many tasks and situations.",0,,,https://i.postimg.cc/htMjM1wM/data-bodour-2026-09-02T133633-874.png
منظفات,,بوفالو,بوفالو منظف متعدد الاستعمالات برائحة الصنوبر 1500 مل,Buffalo Multi-Purpose Cleaner with Pine Scent 1500ml,"منتج متعدد الاستخدامات حل عملي ومثالي للاستخدامات اليومية، صُمم ليمنحك سهولة ومرونة في إنجاز العديد من المهام بكفاءة. يتميز بتصميم عملي وسهولة في الاستخدام، مما يجعله مناسبًا للمنزل والعمل والاستخدامات المختلفة حسب الحاجة.
المميزات:متعدد الاستخدامات وعملي في الحياة اليومية.
سهل الاستخدام والتطبيق.تصميم مناسب ومريح. يوفر الوقت والجهد.مناسب للاستخدام في العديد من المهام والمواقف.","A versatile product, this practical and ideal solution for everyday use is designed to give you ease and flexibility in accomplishing many tasks efficiently. Its practical design and ease of use make it suitable for home, work, and various other uses as needed.

Features: Versatile and practical for everyday life.

Easy to use and apply. Convenient and comfortable design. Saves time and effort. Suitable for use in many tasks and situations.",0,,,https://i.postimg.cc/YC224m96/data-bodour-2026-09-02T133751-638.png
منظفات,,بوفالو,بوفالو منظف متعدد الاستعمالات برائحة اللافندر 1500 مل,Buffalo Multi-Purpose Cleaner with Lavender Scent 1500ml,"منتج متعدد الاستخدامات حل عملي ومثالي للاستخدامات اليومية، صُمم ليمنحك سهولة ومرونة في إنجاز العديد من المهام بكفاءة. يتميز بتصميم عملي وسهولة في الاستخدام، مما يجعله مناسبًا للمنزل والعمل والاستخدامات المختلفة حسب الحاجة.
المميزات:متعدد الاستخدامات وعملي في الحياة اليومية.
سهل الاستخدام والتطبيق.تصميم مناسب ومريح. يوفر الوقت والجهد.مناسب للاستخدام في العديد من المهام والمواقف.","A versatile product, this practical and ideal solution for everyday use is designed to give you ease and flexibility in accomplishing many tasks efficiently. Its practical design and ease of use make it suitable for home, work, and various other uses as needed.

Features: Versatile and practical for everyday life.

Easy to use and apply. Convenient and comfortable design. Saves time and effort. Suitable for use in many tasks and situations.",0,,,https://i.postimg.cc/zvpM431d/data-bodour-2026-09-02T134116-060.png
منظفات,,بوفالو,بوفالو منظف متعدد الاستعمالات برائحة الزنبق الأبيض 1500 مل,Buffalo Multi-Purpose Cleaner with White Lily Scent 1500ml,"منتج متعدد الاستخدامات حل عملي ومثالي للاستخدامات اليومية، صُمم ليمنحك سهولة ومرونة في إنجاز العديد من المهام بكفاءة. يتميز بتصميم عملي وسهولة في الاستخدام، مما يجعله مناسبًا للمنزل والعمل والاستخدامات المختلفة حسب الحاجة.
المميزات:متعدد الاستخدامات وعملي في الحياة اليومية.
سهل الاستخدام والتطبيق.تصميم مناسب ومريح. يوفر الوقت والجهد.مناسب للاستخدام في العديد من المهام والمواقف.","A versatile product, this practical and ideal solution for everyday use is designed to give you ease and flexibility in accomplishing many tasks efficiently. Its practical design and ease of use make it suitable for home, work, and various other uses as needed.

Features: Versatile and practical for everyday life.

Easy to use and apply. Convenient and comfortable design. Saves time and effort. Suitable for use in many tasks and situations.",0,,,https://i.postimg.cc/hjtVpGpQ/data-bodour-2026-09-02T134343-123.png
منظفات,,بوفالو,بوفالو منظف متعدد الاستعمالات برائحة الجوري 1500 مل,Buffalo Multi-Purpose Cleaner with Rose Scent 1500ml,"منتج متعدد الاستخدامات حل عملي ومثالي للاستخدامات اليومية، صُمم ليمنحك سهولة ومرونة في إنجاز العديد من المهام بكفاءة. يتميز بتصميم عملي وسهولة في الاستخدام، مما يجعله مناسبًا للمنزل والعمل والاستخدامات المختلفة حسب الحاجة.
المميزات:متعدد الاستخدامات وعملي في الحياة اليومية.
سهل الاستخدام والتطبيق.تصميم مناسب ومريح. يوفر الوقت والجهد.مناسب للاستخدام في العديد من المهام والمواقف.","A versatile product, this practical and ideal solution for everyday use is designed to give you ease and flexibility in accomplishing many tasks efficiently. Its practical design and ease of use make it suitable for home, work, and various other uses as needed.

Features: Versatile and practical for everyday life.

Easy to use and apply. Convenient and comfortable design. Saves time and effort. Suitable for use in many tasks and situations.",0,,,https://i.postimg.cc/1zCKx6gn/data-bodour-2026-09-02T134534-405.png
منظفات,,بوفالو,بوفالو منظف متعدد الاستعمالات برائحة الاوركيد 750 مل,Buffalo Multi-Purpose Cleaner Orchid Scent  750ml ,"منتج متعدد الاستخدامات حل عملي ومثالي للاستخدامات اليومية، صُمم ليمنحك سهولة ومرونة في إنجاز العديد من المهام بكفاءة. يتميز بتصميم عملي وسهولة في الاستخدام، مما يجعله مناسبًا للمنزل والعمل والاستخدامات المختلفة حسب الحاجة.
المميزات:متعدد الاستخدامات وعملي في الحياة اليومية.
سهل الاستخدام والتطبيق.تصميم مناسب ومريح. يوفر الوقت والجهد.مناسب للاستخدام في العديد من المهام والمواقف.","A versatile product, this practical and ideal solution for everyday use is designed to give you ease and flexibility in accomplishing many tasks efficiently. Its practical design and ease of use make it suitable for home, work, and various other uses as needed.

Features: Versatile and practical for everyday life.

Easy to use and apply. Convenient and comfortable design. Saves time and effort. Suitable for use in many tasks and situations.",0,,,https://i.postimg.cc/2SnJfHm0/data-bodour-2026-09-02T135232-593.png
منظفات,,بوفالو,بوفالو منظف متعدد الاستعمالات برائحة الصنوبر 750 مل,Buffalo Multi-Purpose Cleaner with Pine Scent 750ml ,"منتج متعدد الاستخدامات حل عملي ومثالي للاستخدامات اليومية، صُمم ليمنحك سهولة ومرونة في إنجاز العديد من المهام بكفاءة. يتميز بتصميم عملي وسهولة في الاستخدام، مما يجعله مناسبًا للمنزل والعمل والاستخدامات المختلفة حسب الحاجة.
المميزات:متعدد الاستخدامات وعملي في الحياة اليومية.
سهل الاستخدام والتطبيق.تصميم مناسب ومريح. يوفر الوقت والجهد.مناسب للاستخدام في العديد من المهام والمواقف.","A versatile product, this practical and ideal solution for everyday use is designed to give you ease and flexibility in accomplishing many tasks efficiently. Its practical design and ease of use make it suitable for home, work, and various other uses as needed.

Features: Versatile and practical for everyday life.

Easy to use and apply. Convenient and comfortable design. Saves time and effort. Suitable for use in many tasks and situations.",0,,,https://i.postimg.cc/WzJ8w31D/data-bodour-2026-09-02T135419-153.png
منظفات,,بوفالو,بوفالو منظف متعدد الاستعمالات برائحة اللافندر 750 مل,Buffalo Multi-Purpose Cleaner with Lavender Scent 750ml ,"منتج متعدد الاستخدامات حل عملي ومثالي للاستخدامات اليومية، صُمم ليمنحك سهولة ومرونة في إنجاز العديد من المهام بكفاءة. يتميز بتصميم عملي وسهولة في الاستخدام، مما يجعله مناسبًا للمنزل والعمل والاستخدامات المختلفة حسب الحاجة.
المميزات:متعدد الاستخدامات وعملي في الحياة اليومية.
سهل الاستخدام والتطبيق.تصميم مناسب ومريح. يوفر الوقت والجهد.مناسب للاستخدام في العديد من المهام والمواقف.","A versatile product, this practical and ideal solution for everyday use is designed to give you ease and flexibility in accomplishing many tasks efficiently. Its practical design and ease of use make it suitable for home, work, and various other uses as needed.

Features: Versatile and practical for everyday life.

Easy to use and apply. Convenient and comfortable design. Saves time and effort. Suitable for use in many tasks and situations.",0,,,https://i.postimg.cc/zvpM431d/data-bodour-2026-09-02T134116-060.png
منظفات,,بوفالو,بوفالو منظف متعدد الاستعمالات برائحة الزنبق الأبيض 750 مل,Buffalo Multi-Purpose Cleaner with White Lily Scent 750ml ,"منتج متعدد الاستخدامات حل عملي ومثالي للاستخدامات اليومية، صُمم ليمنحك سهولة ومرونة في إنجاز العديد من المهام بكفاءة. يتميز بتصميم عملي وسهولة في الاستخدام، مما يجعله مناسبًا للمنزل والعمل والاستخدامات المختلفة حسب الحاجة.
المميزات:متعدد الاستخدامات وعملي في الحياة اليومية.
سهل الاستخدام والتطبيق.تصميم مناسب ومريح. يوفر الوقت والجهد.مناسب للاستخدام في العديد من المهام والمواقف.","A versatile product, this practical and ideal solution for everyday use is designed to give you ease and flexibility in accomplishing many tasks efficiently. Its practical design and ease of use make it suitable for home, work, and various other uses as needed.

Features: Versatile and practical for everyday life.

Easy to use and apply. Convenient and comfortable design. Saves time and effort. Suitable for use in many tasks and situations.",0,,,https://i.postimg.cc/hjtVpGpQ/data-bodour-2026-09-02T134343-123.png
منظفات,,بوفالو,بوفالو منظف متعدد الاستعمالات برائحة الجوري 750 مل,Buffalo Multi-Purpose Cleaner with Rose Scent 750ml ,"منتج متعدد الاستخدامات حل عملي ومثالي للاستخدامات اليومية، صُمم ليمنحك سهولة ومرونة في إنجاز العديد من المهام بكفاءة. يتميز بتصميم عملي وسهولة في الاستخدام، مما يجعله مناسبًا للمنزل والعمل والاستخدامات المختلفة حسب الحاجة.
المميزات:متعدد الاستخدامات وعملي في الحياة اليومية.
سهل الاستخدام والتطبيق.تصميم مناسب ومريح. يوفر الوقت والجهد.مناسب للاستخدام في العديد من المهام والمواقف.","A versatile product, this practical and ideal solution for everyday use is designed to give you ease and flexibility in accomplishing many tasks efficiently. Its practical design and ease of use make it suitable for home, work, and various other uses as needed.

Features: Versatile and practical for everyday life.

Easy to use and apply. Convenient and comfortable design. Saves time and effort. Suitable for use in many tasks and situations.",0,,,https://i.postimg.cc/1zCKx6gn/data-bodour-2026-09-02T134534-405.png
منظفات,,بوفالو,بوفالو كاربكس منظف السجاد والمفروشات 750 مل,Buffalo Carbex Carpet & Upholstery Cleaner 750ml,بوفالو كاربكس منظف السجاد والمفروشات 850 مل,Buffalo Carbex Carpet & Upholstery Cleaner 850ml,0,,,https://i.postimg.cc/MZ97L1Bk/data-bodour-(99).png
منظفات,مطهر ومعقم,بوفالو,بوفالو فيتول مطهر ومعقم 800 مل,Buffalo Phytol Disinfectant and Sterilizer 800 ml,بوفالو فيتول مطهر ومعقم 800 مل,Buffalo Phytol Disinfectant and Sterilizer 800 ml,0,,,https://i.postimg.cc/1zV7mJph/data-bodour-(98).png
منظفات,مطهر ومعقم,بوفالو,بوفالو فيتول مطهر 400 مل,Buffalo Phytol Antiseptic 400 ml,بوفالو فيتول مطهر 400 مل,Buffalo Phytol Antiseptic 400 ml,0,,,https://i.postimg.cc/tJQKQ8w9/data-bodour-(97).png
منظفات,,بوفالو,بوفالو مزيل الدهون والترسبات 500 مل,Buffalo Grease and Descaler 500ml ,بوفالو مزيل الدهون والترسبات 750 مل لون بنفسجي ,Buffalo Grease and Descaler 750ml Purple,0,,,https://i.postimg.cc/0ysydByL/data-bodour-(96).png
منظفات,,بوفالو,بوفالو سوبر اسفنجة تلميع الاحذية ,Buffalo Super Shoe Polishing Sponge,بوفالو سوبر اسفنجة تلميع الاحذية ,Buffalo Super Shoe Polishing Sponge,0,,,https://i.postimg.cc/dtPKCZWC/data-bodour-2026-09-02T132659-903.png
منظفات,,بوفالو,بوفالو كلينر كريم يقشط ويلمع ويعقم 700 جرام لون بنفسجي,"Buffalo Cleaner Cream Scrub, Shine & Sanitize 700g Purple",بوفالو كلينر كريم يقشط ويلمع ويعقم 700 جرام لون بنفسجي,"Buffalo Cleaner Cream Scrub, Shine & Sanitize 700g Purple",0,,,https://i.postimg.cc/Gh0XKFw6/data-bodour-2026-09-02T131622-614.png
منظفات,,بوفالو,بوفالو كلينر كريم يقشط ويلمع ويعقم 700 جرام لون اخضر,"Buffalo Cleaner Cream Scrub, Shine & Sanitize 700g Green",بوفالو كلينر كريم يقشط ويلمع ويعقم 700 جرام لون اخضر,"Buffalo Cleaner Cream Scrub, Shine & Sanitize 700g Green",0,,,https://i.postimg.cc/br53fns1/data-bodour-2026-09-02T131412-052.png
منظفات,,بوفالو,بوفالو كلينر كريم يقشط ويلمع ويعقم 700 جرام لون ازرق,"Buffalo Cleaner Cream Scrub, Shine & Sanitize 700g Blue",بوفالو كلينر كريم يقشط ويلمع ويعقم 700 جرام لون ازرق,"Buffalo Cleaner Cream Scrub, Shine & Sanitize 700g Blue",0,,,https://i.postimg.cc/G2Q5V9F8/data-bodour-(100).png
منظفات,صابون,بوفالو,بوفالو سائل غسيل يدين برائحة الافوكادو واللافندر 450 مل,Buffalo Avocado & Lavender Hand Wash Liquid 450ml,بوفالو سائل غسيل يدين برائحة الافوكادو واللافندر 450 مل,Buffalo Avocado & Lavender Hand Wash Liquid 450ml,0,,,https://i.postimg.cc/63xRd3nN/data-bodour-(84).png
منظفات,صابون,بوفالو,بوفالو سائل غسيل يدين برائحة الرمان المركز 450 مل,Buffalo Hand Wash Liquid with Concentrated Pomegranate Scent 450ml,بوفالو سائل غسيل يدين برائحة الرمان المركز 450 مل,Buffalo Hand Wash Liquid with Concentrated Pomegranate Scent 450ml,0,,,https://i.postimg.cc/QtVLJ83q/data-bodour-(85).png
منظفات,صابون,بوفالو,بوفالو سائل غسيل يدين برائحة انتعاش الالوفيرا 450 مل,Buffalo Aloe Vera Fresh Hand Wash Liquid 450ml,بوفالو سائل غسيل يدين برائحة انتعاش الالوفيرا 450 مل,Buffalo Aloe Vera Fresh Hand Wash Liquid 450ml,0,,,https://i.postimg.cc/VNv1DB99/data-bodour-(86).png
منظفات,صابون,بوفالو,بوفالو سائل غسيل يدين برائحة الماغنوليا 450 مل,Buffalo Magnolia Scented Hand Wash Liquid 450ml,بوفالو سائل غسيل يدين برائحة الماغنوليا 450 مل,Buffalo Magnolia Scented Hand Wash Liquid 450ml,0,,,https://i.postimg.cc/bwvKhYGX/data-bodour-(87).png
منظفات,صابون,بوفالو,بوفالو سائل غسيل يدين برائحة الجوري 450 مل,Buffalo Rose Scented Hand Wash Liquid 450ml,بوفالو سائل غسيل يدين برائحة الجوري 450 مل,Buffalo Rose Scented Hand Wash Liquid 450ml,0,,,https://i.postimg.cc/RVpgw70b/data-bodour-(88).png
منظفات,صابون,بوفالو,بوفالو سائل غسيل يدين برائحة نسيم البحر 450 مل,Buffalo Sea Breeze Hand Wash Liquid 450ml,بوفالو سائل غسيل يدين برائحة نسيم البحر 450 مل,Buffalo Sea Breeze Hand Wash Liquid 450ml,0,,,https://i.postimg.cc/1XjDVKHh/data-bodour-(89).png
منظفات,صابون,بوفالو,بوفالو سائل غسيل يدين برائحة المنعشة 450 مل,Buffalo Refreshing Scented Hand Wash Liquid 450ml,بوفالو سائل غسيل يدين برائحة المنعشة 450 مل,Buffalo Refreshing Scented Hand Wash Liquid 450ml,0,,,https://i.postimg.cc/qM63ZywV/data-bodour-(90).png
منظفات,صابون,بوفالو,بوفالو سائل غسيل يدين برائحة زهرة الربيع 450 مل,Buffalo Primrose Hand Wash Liquid 450ml,بوفالو سائل غسيل يدين برائحة زهرة الربيع 450 مل,Buffalo Primrose Hand Wash Liquid 450ml,0,,,https://i.postimg.cc/25k71TRY/data-bodour-(91).png
منظفات,صابون,بوفالو,بوفالو سائل غسيل يدين برائحة الصنوبر 450 مل,Buffalo Pine Scented Hand Wash Liquid 450ml,بوفالو سائل غسيل يدين برائحة الصنوبر 450 مل,Buffalo Pine Scented Hand Wash Liquid 450ml,0,,,https://i.postimg.cc/XYQyzbhm/data-bodour-(92).png
منظفات,صابون,بوفالو,بوفالو سائل غسيل يدين برائحة الرمان المركز 1500 مل,Buffalo Hand Wash Liquid with Concentrated Pomegranate Scent1500ml,بوفالو سائل غسيل يدين برائحة الرمان المركز 1500 مل,Buffalo Hand Wash Liquid with Concentrated Pomegranate Scent1500ml,0,,,https://i.postimg.cc/QtVLJ83q/data-bodour-(85).png
منظفات,صابون,بوفالو,بوفالو سائل غسيل يدين برائحة انتعاش الالوفيرا 1500 مل,Buffalo Aloe Vera Fresh Hand Wash Liquid1500ml,بوفالو سائل غسيل يدين برائحة انتعاش الالوفيرا 1500 مل,Buffalo Aloe Vera Fresh Hand Wash Liquid1500ml,0,,,https://i.postimg.cc/VNv1DB99/data-bodour-(86).png
منظفات,صابون,بوفالو,بوفالو سائل غسيل يدين برائحة الماغنوليا 1500 مل,Buffalo Magnolia Scented Hand Wash Liquid1500ml,بوفالو سائل غسيل يدين برائحة الماغنوليا 1500 مل,Buffalo Magnolia Scented Hand Wash Liquid1500ml,0,,,https://i.postimg.cc/bwvKhYGX/data-bodour-(87).png
منظفات,صابون,بوفالو,بوفالو سائل غسيل يدين برائحة الجوري 1500 مل,Buffalo Rose Scented Hand Wash Liquid 1500ml,بوفالو سائل غسيل يدين برائحة الجوري 1500 مل,Buffalo Rose Scented Hand Wash Liquid 1500ml,0,,,https://i.postimg.cc/RVpgw70b/data-bodour-(88).png
منظفات,صابون,بوفالو,بوفالو سائل غسيل يدين برائحة نسيم البحر 1500 مل,Buffalo Sea Breeze Hand Wash Liquid 1500ml,بوفالو سائل غسيل يدين برائحة نسيم البحر 1500 مل,Buffalo Sea Breeze Hand Wash Liquid 1500ml,0,,,https://i.postimg.cc/1XjDVKHh/data-bodour-(89).png
منظفات,صابون,بوفالو,بوفالو سائل غسيل يدين برائحة المنعشة 1500 مل,Buffalo Refreshing Scented Hand Wash Liquid 1500ml,بوفالو سائل غسيل يدين برائحة المنعشة 1500 مل,Buffalo Refreshing Scented Hand Wash Liquid 1500ml,0,,,https://i.postimg.cc/qM63ZywV/data-bodour-(90).png
منظفات,صابون,بوفالو,بوفالو سائل غسيل يدين برائحة زهرة الربيع1500 مل,Buffalo Primrose Hand Wash Liquid 1500ml,بوفالو سائل غسيل يدين برائحة زهرة الربيع1500 مل,Buffalo Primrose Hand Wash Liquid 1500ml,0,,,https://i.postimg.cc/25k71TRY/data-bodour-(91).png
منظفات,صابون,بوفالو,بوفالو سائل غسيل يدين برائحة الصنوبر 1500 مل,Buffalo Pine Scented Hand Wash Liquid 1500ml,بوفالو سائل غسيل يدين برائحة الصنوبر 1500 مل,Buffalo Pine Scented Hand Wash Liquid 1500ml,0,,,https://i.postimg.cc/XYQyzbhm/data-bodour-(92).png
منظفات,صابون,بوفالو,بوفالو فيتول صابون يدين حماية كاملة بالجليسرين 100 جرام لون اخضر,Buffalo Vitol Hand Soap Complete Protection with Glycerin 100g Green,بوفالو فيتول صابون يدين حماية كاملة بالجليسرين 100 جرام لون اخضر,Buffalo Vitol Hand Soap Complete Protection with Glycerin 100g Green,0,,,https://i.postimg.cc/FKZ0mvwk/data-bodour-(81).png
منظفات,صابون,بوفالو,بوفالو فيتول صابون يدين حماية كاملة بالجليسرين 100 جرام لون ازرق,"Buffalo Vitol Total Protection Hand Soap with Glycerin, 100g, Blue",بوفالو فيتول صابون يدين حماية كاملة بالجليسرين 100 جرام لون ازرق,"Buffalo Vitol Total Protection Hand Soap with Glycerin, 100g, Blue",0,,,https://i.postimg.cc/66d4NtR8/data-bodour-(82).png
منظفات,صابون,بوفالو,بوفالو فيتول صابون يدين حماية كاملة بالجليسرين 100 جرام لون برتقالي,"Buffalo Vitol Total Protection Hand Soap with Glycerin, 100g, Orange",بوفالو فيتول صابون يدين حماية كاملة بالجليسرين 100 جرام لون برتقالي,"Buffalo Vitol Total Protection Hand Soap with Glycerin, 100g, Orange",0,,,https://i.postimg.cc/QMtYRfyC/data-bodour-(83).png
منظفات,صابون,بوفالو,بوفالو  صابون يدين برائحة الافوكادو واللافندر 125 جرام,Buffalo Vitol Avocado & Lavender Hand Soap 125g,امنح يديك عناية وانتعاشًا يدومان مع صابون اليد متعدد الروائح، بتركيبة لطيفة تساعد على تنظيف اليدين وتركهما برائحة جميلة ومنعشة. يتوفر بمجموعة من الروائح المتنوعة لتختار ما يناسب ذوقك ويضيف لمسة من الانتعاش إلى روتينك اليومي.,"Give your hands lasting care and freshness with our multi-scented hand soap. Its gentle formula cleanses hands, leaving them beautifully scented and refreshed. Available in a variety of fragrances, choose the one that suits your taste and adds a touch of freshness to your daily routine.",0,,,https://i.postimg.cc/QdcLxY88/data-bodour-(72).png
منظفات,صابون,بوفالو,بوفالو  صابون يدين برائحة انتعاش الالوفيرا 125 جرام,Buffalo Vitol Aloe Vera Fresh Hand Soap 125g,امنح يديك عناية وانتعاشًا يدومان مع صابون اليد متعدد الروائح، بتركيبة لطيفة تساعد على تنظيف اليدين وتركهما برائحة جميلة ومنعشة. يتوفر بمجموعة من الروائح المتنوعة لتختار ما يناسب ذوقك ويضيف لمسة من الانتعاش إلى روتينك اليومي.,"Give your hands lasting care and freshness with our multi-scented hand soap. Its gentle formula cleanses hands, leaving them beautifully scented and refreshed. Available in a variety of fragrances, choose the one that suits your taste and adds a touch of freshness to your daily routine.",0,,,https://i.postimg.cc/Kj56DRW3/data-bodour-(79).png
منظفات,صابون,بوفالو,بوفالو صابون يدين برائحة الرمان 125 جرام,Buffalo Vitol Pomegranate Scented Hand Soap 125g,امنح يديك عناية وانتعاشًا يدومان مع صابون اليد متعدد الروائح، بتركيبة لطيفة تساعد على تنظيف اليدين وتركهما برائحة جميلة ومنعشة. يتوفر بمجموعة من الروائح المتنوعة لتختار ما يناسب ذوقك ويضيف لمسة من الانتعاش إلى روتينك اليومي.,"Give your hands lasting care and freshness with our multi-scented hand soap. Its gentle formula cleanses hands, leaving them beautifully scented and refreshed. Available in a variety of fragrances, choose the one that suits your taste and adds a touch of freshness to your daily routine.",0,,,https://i.postimg.cc/3rpJD1xK/data-bodour-(78).png
منظفات,صابون,بوفالو,بوفالو صابون يدين برائحة الانتعاش المركز 125 جرام,Buffalo Vitol Hand Soap with Concentrated Freshness Scent 125g,امنح يديك عناية وانتعاشًا يدومان مع صابون اليد متعدد الروائح، بتركيبة لطيفة تساعد على تنظيف اليدين وتركهما برائحة جميلة ومنعشة. يتوفر بمجموعة من الروائح المتنوعة لتختار ما يناسب ذوقك ويضيف لمسة من الانتعاش إلى روتينك اليومي.,"Give your hands lasting care and freshness with our multi-scented hand soap. Its gentle formula cleanses hands, leaving them beautifully scented and refreshed. Available in a variety of fragrances, choose the one that suits your taste and adds a touch of freshness to your daily routine.",0,,,https://i.postimg.cc/pTJGg3BR/data-bodour-(80).png
منظفات,صابون,بوفالو,بوفالو  صابون يدين برائحة الصنوبر المركز 125 جرام,Buffalo Pine Scented Hand Soap 125g,امنح يديك عناية وانتعاشًا يدومان مع صابون اليد متعدد الروائح، بتركيبة لطيفة تساعد على تنظيف اليدين وتركهما برائحة جميلة ومنعشة. يتوفر بمجموعة من الروائح المتنوعة لتختار ما يناسب ذوقك ويضيف لمسة من الانتعاش إلى روتينك اليومي.,"Give your hands lasting care and freshness with our multi-scented hand soap. Its gentle formula cleanses hands, leaving them beautifully scented and refreshed. Available in a variety of fragrances, choose the one that suits your taste and adds a touch of freshness to your daily routine.",0,,,https://i.postimg.cc/zGCM1L7H/data-bodour-(73).png
منظفات,صابون,بوفالو,بوفالو  صابون يدين برائحة نسيم البحر 125 جرام,Buffalo Sea Breeze Hand Soap 125g,امنح يديك عناية وانتعاشًا يدومان مع صابون اليد متعدد الروائح، بتركيبة لطيفة تساعد على تنظيف اليدين وتركهما برائحة جميلة ومنعشة. يتوفر بمجموعة من الروائح المتنوعة لتختار ما يناسب ذوقك ويضيف لمسة من الانتعاش إلى روتينك اليومي.,"Give your hands lasting care and freshness with our multi-scented hand soap. Its gentle formula cleanses hands, leaving them beautifully scented and refreshed. Available in a variety of fragrances, choose the one that suits your taste and adds a touch of freshness to your daily routine.",0,,,https://i.postimg.cc/9Fd5cNXK/data-bodour-(74).png
منظفات,صابون,بوفالو,بوفالو صابون يدين برائحة الجوري 125 جرام,Buffalo Rose  Hand Soap 125g,امنح يديك عناية وانتعاشًا يدومان مع صابون اليد متعدد الروائح، بتركيبة لطيفة تساعد على تنظيف اليدين وتركهما برائحة جميلة ومنعشة. يتوفر بمجموعة من الروائح المتنوعة لتختار ما يناسب ذوقك ويضيف لمسة من الانتعاش إلى روتينك اليومي.,"Give your hands lasting care and freshness with our multi-scented hand soap. Its gentle formula cleanses hands, leaving them beautifully scented and refreshed. Available in a variety of fragrances, choose the one that suits your taste and adds a touch of freshness to your daily routine.",0,,,https://i.postimg.cc/tR1nvFRF/data-bodour-(77).png
منظفات,صابون,بوفالو,بوفالو صابون يدين برائحة زهر الربيع 125 جرام,Buffalo Spring Blossom  Hand Soap 125g,امنح يديك عناية وانتعاشًا يدومان مع صابون اليد متعدد الروائح، بتركيبة لطيفة تساعد على تنظيف اليدين وتركهما برائحة جميلة ومنعشة. يتوفر بمجموعة من الروائح المتنوعة لتختار ما يناسب ذوقك ويضيف لمسة من الانتعاش إلى روتينك اليومي.,"Give your hands lasting care and freshness with our multi-scented hand soap. Its gentle formula cleanses hands, leaving them beautifully scented and refreshed. Available in a variety of fragrances, choose the one that suits your taste and adds a touch of freshness to your daily routine.",0,,,https://i.postimg.cc/vmp3gb3N/data-bodour-(75).png
منظفات,صابون,بوفالو,بوفالو صابون يدين برائحة الماغنوليا 125 جرام,Buffalo Magnolia Scented Hand Soap 125g,امنح يديك عناية وانتعاشًا يدومان مع صابون اليد متعدد الروائح، بتركيبة لطيفة تساعد على تنظيف اليدين وتركهما برائحة جميلة ومنعشة. يتوفر بمجموعة من الروائح المتنوعة لتختار ما يناسب ذوقك ويضيف لمسة من الانتعاش إلى روتينك اليومي.,"Give your hands lasting care and freshness with our multi-scented hand soap. Its gentle formula cleanses hands, leaving them beautifully scented and refreshed. Available in a variety of fragrances, choose the one that suits your taste and adds a touch of freshness to your daily routine.",0,,,https://i.postimg.cc/50gQcmYZ/data-bodour-(76).png
منظفات,غسيل,بوفالو,بوفالو سائل غسيل يدين برائحة الافوكادو واللافندر 1500 مل,Buffalo Avocado & Lavender Hand Wash Liquid 1500ml,بوفالو سائل غسيل يدين برائحة الافوكادو واللافندر 1500 مل,Buffalo Avocado & Lavender Hand Wash Liquid 1500ml,0,,,https://i.postimg.cc/63xRd3nN/data-bodour-(84).png
منظفات,,بوفالو,بوفالو كلور 4 لتر,Buffalo Bleach And Disinfectant Chlorine 4L,بوفالو كلور 4 لتر,Buffalo Bleach And Disinfectant Chlorine 4L,0,,,https://i.postimg.cc/nr6gmNWG/datadata-(38).png
منظفات,,بوفالو,بوفالو كلور 900 مل,Buffalo Bleach And Disinfectant Chlorine 900ml,بوفالو كلور 900 مل,Buffalo Bleach And Disinfectant Chlorine 900ml,0,,,https://i.postimg.cc/vTpknCKL/datadata-(37).png
منظفات,عناية بالأحذية,بوفالو,"بوفالو ملمع أحذية كريمي ذاتي اللمعان بني 55 مل
","Buffalo Self-shining cream shoe polish Brown 55ml
","أسهل طريقة للعناية بالجلد وتلميعه.
يتم وضعه باستخدام إسفنجة، ويجف بسرعة، وله رائحة لذيذة","The easiest way to care for and shine leather.
It is applied with a sponge, dries quickly and has a delicious aroma.",0,,,https://i.postimg.cc/3wpCvCkD/crema-calzado-Buffalo-tarro-autoaplicador-marron-50-ml.jpg
منظفات,صابون,بوفالو,بوفالو  صابون يدين 75 جرام,Buffalo Hand Soap 75g,امنح يديك عناية وانتعاشًا يدومان مع صابون اليد متعدد الروائح، بتركيبة لطيفة تساعد على تنظيف اليدين وتركهما برائحة جميلة ومنعشة. يتوفر بمجموعة من الروائح المتنوعة لتختار ما يناسب ذوقك ويضيف لمسة من الانتعاش إلى روتينك اليومي.,"Give your hands lasting care and freshness with our multi-scented hand soap. Its gentle formula cleanses hands, leaving them beautifully scented and refreshed. Available in a variety of fragrances, choose the one that suits your taste and adds a touch of freshness to your daily routine.",0,,,
منظفات,,,بوفالو فيتول مناديل مبللة 18 منديل,Buffalo Vitol Wet Wipes 18 Wipes ,بوفالو فيتول مناديل مبللة 18 منديل,Buffalo Vitol Wet Wipes 18 Wipes ,0,,,
غذائيات,قهوة وشاي,حليبنا,حليبنا قهوة سريعة التحضير بحجم 80 غراماً,"halibuna instant coffee, 80 grams.",حليبنا قهوة سريعة التحضير بحجم 80 غراماً,"halibuna instant coffee, 80 grams.",0,,,https://i.postimg.cc/sDzdmf1M/data-bodour-2026-09-01T140727-827.png
غذائيات,أجبان وألبان,حليبنا,حليبنا زبدة بقرية 200  جرام,"halibuna cow butter, 200 grams.",حليبنا زبدة بقرية 200  جرام,"halibuna cow butter, 200 grams.",0,,,https://i.postimg.cc/yYQWMsnw/data-bodour-2026-09-01T140508-145.png
غذائيات,أجبان وألبان,حليبنا,حليبنا زبدة بقرية 100 جرام,"halibuna cow butter,100 grams.",حليبنا زبدة بقرية 100 جرام,"halibuna cow butter,100 grams.",0,,,https://i.postimg.cc/pVCcfhwV/datadata-(23).png
غذائيات,أجبان وألبان,حليبنا,جبنة حليبنا ايدام 250 غرام,"halibuna cream cheese, Edam, 250 grams",جبنة حليبنا ايدام 250 غرام,"halibuna cream cheese, Edam, 250 grams",0,,,https://i.postimg.cc/jjCRTYzr/datadata-(22).png
غذائيات,أجبان وألبان,حليبنا,جبنة حليبنا كودا 250 غرام,"halibuna cream cheese, Koda, 250 grams",جبنة حليبنا كودا 250 غرام,"halibuna cream cheese, Koda, 250 grams",0,,,https://i.postimg.cc/CKdw0pjT/datadata-(21).png
غذائيات,سمن وزيت,حليبنا,حليبنا سمن بقري 2 كيلو,"halibuna made with ghee (clarified butter), 2 kg",حليبنا سمن بقري 2 كيلو,"halibuna made with ghee (clarified butter), 2 kg",0,,,https://i.postimg.cc/B6mGjQ8J/data-bodour-(41).png
غذائيات,سمن وزيت,حليبنا,حليبنا كافيه لاتيه ظرف 20 غرام,"halibuna Cafe Latte, 20g sachet",حليبنا كافيه لاتيه ظرف 20 غرام,"halibuna Cafe Latte, 20g sachet",0,,,https://i.postimg.cc/ZK0H6fPg/datadata-(24).png
,,,حليبنا قهوة كلاسيك 100 غرام,"halibuna classic coffee, 100 grams.",حليبنا قهوة كلاسيك 100 غرام,"halibuna classic coffee, 100 grams.",0,,,https://i.postimg.cc/RVnfM2LK/datadata-(25).png
غذائيات,سمن وزيت,حليبنا,حليبنا سمن بقري 16 كيلو,"halibuna made with ghee (clarified butter), 16 kg",حليبنا سمن بقري 16 كيلو,"halibuna made with ghee (clarified butter), 16 kg",0,,,
غذائيات,حليب,حليبنا,حليب غولد بودرة كامل الدسم حليبنا 900غ,"halibuna Gold Full Cream Milk Powder, 900g",حليب غولد بودرة كامل الدسم حليبنا 900غ,"halibuna Gold Full Cream Milk Powder, 900g",0,,,https://i.postimg.cc/BZ2Lk2SD/19-1.jpg
غذائيات,حليب,حليبنا,حليب غولد بودرة كامل الدسم حليبنا 300غ,"halibuna Gold Full Cream Milk Powder, 300g",حليب غولد بودرة كامل الدسم حليبنا 900غ,"halibuna Gold Full Cream Milk Powder, 900g",0,,,https://i.postimg.cc/dQGkpGs8/datadata-(26).png
غذائيات,حليب,حليبنا,حليب بودرة كامل الدسم حليبنا 400 غرام,"halibuna Full Cream Milk Powder, 400g",حليب غولد بودرة كامل الدسم حليبنا 300غ,"halibuna Gold Full Cream Milk Powder, 300g",0,,,https://i.postimg.cc/wMXWZ3vb/datadata-(20).png
غذائيات,حليب,حليبنا,حليبنا حليب بودرة 100% طبيعي 900 غرام,"halibuna 100% Pure Milk Powder, 900g",حليب غولد بودرة كامل الدسم حليبنا 300غ,"halibuna Gold Full Cream Milk Powder, 300g",0,,,https://i.postimg.cc/nrTHZFwJ/datadata-(27).png
غذائيات,حليب,حليبنا,حليبنا حليب بودرة 100% طبيعي 350 غرام,"halibuna 100% Pure Milk Powder, 350g",حليب غولد بودرة كامل الدسم حليبنا 300غ,"halibuna Gold Full Cream Milk Powder, 300g",0,,,https://i.postimg.cc/yxnVB1rz/datadata-(28).png
غذائيات,حليب,حليبنا,حليبنا حليب بودرة 100% طبيعي 200 غرام,"halibuna 100% Pure Milk Powder, 200g",حليب غولد بودرة كامل الدسم حليبنا 300غ,"halibuna Gold Full Cream Milk Powder, 300g",0,,,https://i.postimg.cc/GtzcrLSn/datadata-(29).png
غذائيات,حليب,حليبنا,حليبنا حليب بودرة 100% طبيعي 22 غرام ظرف,"halibuna 100% Pure Milk Powder, 22g sachet",حليب غولد بودرة كامل الدسم حليبنا 300غ,"halibuna Gold Full Cream Milk Powder, 300g",0,,,https://i.postimg.cc/0jZ8xkHR/datadata-(30).png
غذائيات,حليب,حليبنا,حليبنا حليب بودرة 100% طبيعي 350 غرام خالي الدسم,"halibuna 100% Pure Fat-free Milk Powder, 350g",حليب غولد بودرة كامل الدسم حليبنا 300غ,"halibuna Gold Full Cream Milk Powder, 300g",0,,,https://i.postimg.cc/zGF4ctM4/datadata-(31).png
,,,جبنة حليبنا 8 قطع مثلثات,"halibuna cheese, 8 triangles",جبنة حليبنا 8 قطع مثلثات,"halibuna cheese, 8 triangles",0,,,https://i.postimg.cc/MZLKpT99/08-20-2026-0653amf0e5584242d0fc49f6e1.jpg
منظفات,عناية بالاسنان,روكافيرا,روكافيرا معجون اسنان بالنعناع الثلجي 100 مل,Rocavira Ice Mint Toothpaste 100ml,روكافيرا معجون اسنان بالنعناع الثلجي 100 مل,Rocavira Ice Mint Toothpaste 100ml,0,,,https://i.postimg.cc/1Xtt7dxT/data-bodour-(50).png
منظفات,عناية بالاسنان,روكافيرا,روكافيرا معجون اسنان بالنعناع الثلجي 125 مل,Rocavira Ice Mint Toothpaste 125ml,روكافيرا معجون اسنان بالنعناع الثلجي 125 مل,Rocavira Ice Mint Toothpaste 125ml,0,,,https://i.postimg.cc/1Xtt7dxT/data-bodour-(50).png
منظفات,عناية بالاسنان,روكافيرا,روكافيرا معجون اسنان بالنعناع القوي 125 مل,Rocavira Strong Mint Toothpaste 125ml,روكافيرا معجون اسنان بالنعناع القوي 125 مل,Rocavira Strong Mint Toothpaste 125ml,0,,,https://i.postimg.cc/NjhsRF02/data-bodour-(51).png
منظفات,عناية بالاسنان,روكافيرا,روكافيرا معجون اسنان بالنعناع القوي 100 مل,Rocavira Strong Mint Toothpaste 100ml,روكافيرا معجون اسنان بالنعناع القوي 100 مل,Rocavira Strong Mint Toothpaste 100ml,0,,,https://i.postimg.cc/NjhsRF02/data-bodour-(51).png
منظفات,عناية بالاسنان,روكافيرا,روكافيرا معجون اسنان بالنعناع والمسك 100 مل لون وردي,Rocavira Mint & Musk Toothpaste 100ml Pink,روكافيرا معجون اسنان بالنعناع والمسك 100 مل لون وردي,Rocavira Mint & Musk Toothpaste 100ml Pink,0,,,https://i.postimg.cc/tRxCJFqt/data-bodour-(52).png
منظفات,عناية بالاسنان,روكافيرا,روكافيرا معجون اسنان بالنعناع والمسك 125 مل لون وردي,Rocavira Mint & Musk Toothpaste 125ml Pink,روكافيرا معجون اسنان بالنعناع والمسك 125 مل لون وردي,Rocavira Mint & Musk Toothpaste 125ml Pink,0,,,https://i.postimg.cc/tRxCJFqt/data-bodour-(52).png
منظفات,عناية بالجسم وشعر,روكافيرا,روكافيرا مزيل عرق طبيعي لون أخضر 50 مل,"Rocavira Natural Deodorant, Green Color, 50ml",روكافيرا مزيل عرق طبيعي لون أخضر 50 مل,"Rocavira Natural Deodorant, Green Color, 50ml",0,,,https://i.postimg.cc/ZRqBXnpK/data-bodour-(53).png
منظفات,عناية بالجسم وشعر,روكافيرا,روكافيرا شامبو للشعر جاف 400 مل,Rocavira Shampoo for Dry Hair 400ml,روكافيرا شامبو للشعر جاف 400 مل,Rocavira Shampoo for Dry Hair 400ml,0,,,https://i.postimg.cc/Tw83GcyD/data-bodour-(54).png
منظفات,عناية بالجسم وشعر,روكافيرا,روكافيرا شامبو للشعر العادي 400 مل,Rocavira Shampoo for Normal Hair 400ml,روكافيرا شامبو للشعر العادي 400 مل,Rocavira Shampoo for Normal Hair 400ml,0,,,https://i.postimg.cc/9MxgZLGr/data-bodour-(55).png
منظفات,عناية بالجسم وشعر,روكافيرا,روكافيرا شامبو للشعر الدهني 400 مل,Rocavira Shampoo for Oily Hair 400ml,روكافيرا شامبو للشعر الدهني 400 مل,Rocavira Shampoo for Oily Hair 400ml,0,,,https://i.postimg.cc/63RL5zM9/data-bodour-(56).png
منظفات,عناية بالجسم وشعر,روكافيرا,روكافيرا شامبو للشعر للرجال 400 مل,Rocavira Men's Shampoo 400ml,روكافيرا شامبو للشعر للرجال 400 مل,Rocavira Men's Shampoo 400ml,0,,,https://i.postimg.cc/RCLKsW8d/data-bodour-(57).png
منظفات,عناية بالجسم والشعر,روكافيرا ,روكافيرا مزيل عرق منعش لون ازرق 50 مل,"Rocavira Refreshing Deodorant, Blue, 50ml",روكافيرا مزيل عرق منعش لون ازرق 50 مل,"Rocavira Refreshing Deodorant, Blue, 50ml",0,,,https://i.postimg.cc/XvTycJMQ/data-bodour-(71).png
منظفات,عناية بالجسم والشعر,روكافيرا ,روكافيرا مزيل عرق ناعم لون وردي 50 مل,"Rocavira Smooth Deodorant, Pink, 50ml",روكافيرا مزيل عرق ناعم لون وردي 50 مل,"Rocavira Smooth Deodorant, Pink, 50ml",0,,,https://i.postimg.cc/sxC7y2wj/data-bodour-(70).png
منظفات,عناية بالجسم والشعر,روكافيرا ,روكافيرا مزيل عرق للرجال كلاسيك 50 مل,Rocavira Classic Men's Deodorant 50ml,روكافيرا مزيل عرق للرجال كلاسيك 50 مل,Rocavira Classic Men's Deodorant 50ml,0,,,https://i.postimg.cc/4xgLwfGk/data-bodour-(68).png
منظفات,عناية بالجسم والشعر,روكافيرا ,روكافيرا مزيل عرق للرجال منعش 50 مل,Rocavira Men's Refreshing Deodorant 50ml,روكافيرا مزيل عرق للرجال منعش 50 مل,Rocavira Men's Refreshing Deodorant 50ml,0,,,https://i.postimg.cc/4xgLwfGk/data-bodour-(68).png
منظفات,عناية بالجسم والشعر,روكافيرا ,مزيل عرق روكافيرا رائحة سوفت اند دراي ٧٥ مل,Rocavira Soft & Dry Deodorant 75ml,مزيل عرق روكافيرا رائحة سوفت اند دراي ٧٥ مل,Rocavira Soft & Dry Deodorant 75ml,0,,,https://i.postimg.cc/W1V1ZygZ/datadata-(32).png
منظفات,عناية بالجسم وشعر,روكافيرا,روكافيرا سائل استحمام 400 مل,Rocavira Shower Gel 400ml,روكافيرا سائل استحمام 400 مل,Rocavira Shower Gel 400ml,0,,,
غذائيات,معلبات,زوان,زوان لانشون دجاج 200 غرام,Zwan Chicken Luncheon Meat 200g,منتجنا الكلاسيكي يتميز لحم الدجاج المعلب لدينا بمذاقه اللذيذ فحسب، بل إنه حاز على إعجاب الكثيرين على مر السنين. بدأ كل شيء بهذه النكهة التي تُداعب براعم التذوق لديك. لذيذ ساخنًا أو باردًا - دجاج طري شهي، جاهز في لحظات!,"Our classic product! Our canned chicken not only tastes delicious, but it has also won the hearts of many over the years. It all started with that flavor that tantalizes your taste buds. Delicious hot or cold – tender, juicy chicken, ready in moments!",0,,,https://i.postimg.cc/mgc4nXNC/data-bodour-2026-09-01T134612-915.png
غذائيات,معلبات,زوان,زوان لانشون دجاج 340 غرام,Zwan Chicken Luncheon Meat 340g,منتجنا الكلاسيكي يتميز لحم الدجاج المعلب لدينا بمذاقه اللذيذ فحسب، بل إنه حاز على إعجاب الكثيرين على مر السنين. بدأ كل شيء بهذه النكهة التي تُداعب براعم التذوق لديك. لذيذ ساخنًا أو باردًا - دجاج طري شهي، جاهز في لحظات!,"Our classic product! Our canned chicken not only tastes delicious, but it has also won the hearts of many over the years. It all started with that flavor that tantalizes your taste buds. Delicious hot or cold – tender, juicy chicken, ready in moments!",0,,,https://i.postimg.cc/QtDrHXLZ/data-bodour-2026-09-01T134804-711.png
غذائيات,معلبات,زوان,زوان لانشون دجاج 850 غرام,Zwan Chicken Luncheon Meat 850g,منتجنا الكلاسيكي يتميز لحم الدجاج المعلب لدينا بمذاقه اللذيذ فحسب، بل إنه حاز على إعجاب الكثيرين على مر السنين. بدأ كل شيء بهذه النكهة التي تُداعب براعم التذوق لديك. لذيذ ساخنًا أو باردًا - دجاج طري شهي، جاهز في لحظات!,"Our classic product! Our canned chicken not only tastes delicious, but it has also won the hearts of many over the years. It all started with that flavor that tantalizes your taste buds. Delicious hot or cold – tender, juicy chicken, ready in moments!",0,,,https://i.postimg.cc/T1V2pj7K/datadata-(39).png
غذائيات,معلبات,سيلفر فيش ,سيلفر فيش تونا حارة 160 جرام,Silver Fish Hot Tuna 160g,سيلفر فيش تونا حارة 160 جرام,Silver Fish Hot Tuna 160g,0,,,https://i.postimg.cc/4y97wh8R/datadata-(41).png
غذائيات,معلبات,سيلفر فيش ,سيلفر فيش تونا حلوة 160 جرام,Silver Fish Tuna 160g,سيلفر فيش تونا حلوة 160 جرام,Silver Fish Tuna 160g,0,,,https://i.postimg.cc/gjZX46M9/datadata-(40).png
غذائيات,معلبات,صن بل,صن بل كورند بيف 340 جرام,Sun Bull Corned Beef 340g,صن بل كورند بيف 340 جرام,Sun Bull Corned Beef 340g,0,,,https://i.postimg.cc/N0ftBHFq/data-bodour-(43).png
غذائيات,معلبات,صن بل,طون صن بيل حلو 185 غرام,Sun Bell Sweet Tuna 185g,طون صن بيل حلو 185 غرام,Sun Bell Sweet Tuna 185g,0,,,https://i.postimg.cc/bJzhNGDB/datadata-(43).png
غذائيات,معلبات,صن بل,طون صن بيل حار 185 غرام,Sun Bell Hot Tuna 185g,طون صن بيل حار 185 غرام,Sun Bell Hot Tuna 185g,0,,,
